Workbook

Sheet 00_방법론
B1: 혼디(Hondi) 플랫폼 — 체계적 테스트 방법론
B2: gopang 허브 저장소 실사 기반 · 작성일 2026-08-11
B4: 원칙 1 — 재발명 금지
B5: 저장소에는 이미 27개 CI 워크플로와 6개 라이브 스모크테스트 하네스가 있다. 이 표는 그것들을 대체하지 않고, (a) 기존 자동화를 '실행 목록'으로 인벤토리화하고 (b) 자동화가 없는 사각지대만 신규 설계한다. 시트 01이 인벤토리, 나머지가 신규 영역이다.
B7: 원칙 2 — 사고 재현 우선
B8: docs/의 사고·인시던트 문서(GDC_GIT_EXPOSURE_INCIDENT, DEVICE_LINK_FULL_CHAIN_INCIDENT 등)와 이번 세션에서 직접 고친 GWP orphan-tab 버그는 '한 번 났던 사고가 재발했는지'를 확인하는 회귀 테스트로 우선 전환한다(시트 11). 이미 비용을 들여 원인을 규명해 둔 지점이라 재현 시나리오 설계 비용이 가장 낮고, 재발 시 파급력은 가장 크다.
B10: 원칙 3 — 계층별 분리
B11: 혼디는 AC(그림자 라우터) → GWP/EXPERT/K-Intent 등 태그 계층 → SP(개별 페르소나) → worker.js(231개 REST 엔드포인트) → PocketBase L1 순으로 층이 나뉜다. 층을 섞어 테스트하면 실패 원인 특정이 어려워지므로, 이 표는 층별로 시트를 나눈다.
B13: 원칙 4 — 동시 세션 경합 고려
B14: 메모리·NEXT_SESSION_HANDOFF 문서들이 반복적으로 지적하듯, 이 저장소는 여러 세션이 동시에 커밋한다. 모든 테스트 실행 전 git pull --rebase, sp-catalog.json 등 공유 산출물은 현재 HEAD 기준 in-place 수정만 — 이 표의 모든 절차에 암묵적으로 적용된다.
B17: 단계별 진행 순서
B18: 단계 | C18: 이름 | D18: 내용 | E18: 예상 소요
B19: Phase 0 | C19: 환경 준비 | D19: git pull --rebase로 최신화, DEEPSEEK_API_KEY 등 시크릿 확인(시트 01 참조), 동시 세션 여부 git log --oneline -15로 확인. | E19: 10분
B20: Phase 1 | C20: 기존 자동화 전체 실행 | D20: 시트 01의 27개 워크플로 + 6개 라이브 하네스를 순서대로 트리거하고 results/ 산출물을 이 표의 '상태' 열에 기록. 실패 항목만 Phase 2~4로 넘어간다. | E20: 1~2시간(대부분 CI 대기)
B21: Phase 2 | C21: 회귀 우선 재현 | D21: 시트 11(과거 인시던트 + 이번 세션 GWP 수정)을 수동으로 재현. 가장 비용 대비 파급력이 큰 구간이라 자동화 결과와 무관하게 항상 수행. | E21: 1~2시간
B22: Phase 3 | C22: 계층별 신규 영역 | D22: 시트 02~10을 영역별로 순서대로 진행. 각 시트 상단에 우선순위(P0부터) 정렬돼 있으므로 위에서부터 처리. 한 시트를 끝내야 다음 시트로 — 계층이 얽혀있어 뒤섞으면 실패 원인 특정이 어려워진다(원칙 3). | E22: 영역별 반나절~2일
B23: Phase 4 | C23: 위성 저장소 교차검증 | D23: 허브에서 발견된 패턴(예: type:tool/inline GWP 사각지대류)이 18+ 위성 저장소에도 있는지 시트 09 절차로 샘플링 점검. | E23: 저장소당 30분
B24: Phase 5 | C24: 결과 정리·재발방지 | D24: 실패 항목을 이슈/PR로 전환, 이 워크북의 '상태'·'비고' 열을 갱신해 다음 세션 인수인계 문서(NEXT_SESSION_HANDOFF 관례)에 첨부. | E24: 1시간

Sheet 99_진행현황_대시보드
B1: 진행 현황 대시보드 (자동 집계 — 각 시트의 '우선순위'·'상태' 열 참조)
B2: '상태' 열에 '완료'라고 적으면 자동으로 완료 카운트에 반영됩니다. 진행 중엔 비워두거나 '진행중'/'실패' 등을 적으세요.
B4: 시트 | C4: 전체 항목 | D4: P0 | E4: P1 | F4: P2 | G4: 완료(상태=완료) | H4: 완료율
B5: 01_기존자동화_인벤토리 | C5: 29 | D5: =COUNTIF(01_기존자동화_인벤토리!$F$2:$F$30,"P0") -> 11 | E5: =COUNTIF(01_기존자동화_인벤토리!$F$2:$F$30,"P1") -> 12 | F5: =COUNTIF(01_기존자동화_인벤토리!$F$2:$F$30,"P2") -> 6 | G5: =COUNTIF(01_기존자동화_인벤토리!$H$2:$H$30,"완료") -> 0 | H5: =IF(C5=0,0,G5/C5) -> 0
B6: 02_라우팅_오케스트레이션 | C6: 13 | D6: =COUNTIF(02_라우팅_오케스트레이션!$F$2:$F$14,"P0") -> 8 | E6: =COUNTIF(02_라우팅_오케스트레이션!$F$2:$F$14,"P1") -> 3 | F6: =COUNTIF(02_라우팅_오케스트레이션!$F$2:$F$14,"P2") -> 2 | G6: =COUNTIF(02_라우팅_오케스트레이션!$H$2:$H$14,"완료") -> 0 | H6: =IF(C6=0,0,G6/C6) -> 0
B7: 03_관제탑원칙_SP구성 | C7: 7 | D7: =COUNTIF(03_관제탑원칙_SP구성!$F$2:$F$8,"P0") -> 7 | E7: =COUNTIF(03_관제탑원칙_SP구성!$F$2:$F$8,"P1") -> 0 | F7: =COUNTIF(03_관제탑원칙_SP구성!$F$2:$F$8,"P2") -> 0 | G7: =COUNTIF(03_관제탑원칙_SP구성!$H$2:$H$8,"완료") -> 0 | H7: =IF(C7=0,0,G7/C7) -> 0
B8: 04_인증_SSO_보안 | C8: 9 | D8: =COUNTIF(04_인증_SSO_보안!$F$2:$F$10,"P0") -> 5 | E8: =COUNTIF(04_인증_SSO_보안!$F$2:$F$10,"P1") -> 3 | F8: =COUNTIF(04_인증_SSO_보안!$F$2:$F$10,"P2") -> 1 | G8: =COUNTIF(04_인증_SSO_보안!$H$2:$H$10,"완료") -> 0 | H8: =IF(C8=0,0,G8/C8) -> 0
B9: 05_PDV_GDC_지갑_결제 | C9: 10 | D9: =COUNTIF(05_PDV_GDC_지갑_결제!$F$2:$F$11,"P0") -> 2 | E9: =COUNTIF(05_PDV_GDC_지갑_결제!$F$2:$F$11,"P1") -> 7 | F9: =COUNTIF(05_PDV_GDC_지갑_결제!$F$2:$F$11,"P2") -> 1 | G9: =COUNTIF(05_PDV_GDC_지갑_결제!$H$2:$H$11,"완료") -> 0 | H9: =IF(C9=0,0,G9/C9) -> 0
B10: 06_govtree_행정서비스 | C10: 8 | D10: =COUNTIF(06_govtree_행정서비스!$F$2:$F$9,"P0") -> 6 | E10: =COUNTIF(06_govtree_행정서비스!$F$2:$F$9,"P1") -> 2 | F10: =COUNTIF(06_govtree_행정서비스!$F$2:$F$9,"P2") -> 0 | G10: =COUNTIF(06_govtree_행정서비스!$H$2:$H$9,"완료") -> 0 | H10: =IF(C10=0,0,G10/C10) -> 0
B11: 07_EXPERT_페르소나 | C11: 6 | D11: =COUNTIF(07_EXPERT_페르소나!$F$2:$F$7,"P0") -> 1 | E11: =COUNTIF(07_EXPERT_페르소나!$F$2:$F$7,"P1") -> 4 | F11: =COUNTIF(07_EXPERT_페르소나!$F$2:$F$7,"P2") -> 1 | G11: =COUNTIF(07_EXPERT_페르소나!$H$2:$H$7,"완료") -> 0 | H11: =IF(C11=0,0,G11/C11) -> 0
B12: 08_biz_상거래_결제 | C12: 8 | D12: =COUNTIF(08_biz_상거래_결제!$F$2:$F$9,"P0") -> 2 | E12: =COUNTIF(08_biz_상거래_결제!$F$2:$F$9,"P1") -> 4 | F12: =COUNTIF(08_biz_상거래_결제!$F$2:$F$9,"P2") -> 2 | G12: =COUNTIF(08_biz_상거래_결제!$H$2:$H$9,"완료") -> 0 | H12: =IF(C12=0,0,G12/C12) -> 0
B13: 09_위성저장소_동기화 | C13: 6 | D13: =COUNTIF(09_위성저장소_동기화!$F$2:$F$7,"P0") -> 2 | E13: =COUNTIF(09_위성저장소_동기화!$F$2:$F$7,"P1") -> 2 | F13: =COUNTIF(09_위성저장소_동기화!$F$2:$F$7,"P2") -> 2 | G13: =COUNTIF(09_위성저장소_동기화!$H$2:$H$7,"완료") -> 0 | H13: =IF(C13=0,0,G13/C13) -> 0
B14: 10_UI_UX_회귀 | C14: 6 | D14: =COUNTIF(10_UI_UX_회귀!$F$2:$F$7,"P0") -> 1 | E14: =COUNTIF(10_UI_UX_회귀!$F$2:$F$7,"P1") -> 2 | F14: =COUNTIF(10_UI_UX_회귀!$F$2:$F$7,"P2") -> 3 | G14: =COUNTIF(10_UI_UX_회귀!$H$2:$H$7,"완료") -> 0 | H14: =IF(C14=0,0,G14/C14) -> 0
B15: 11_회귀_인시던트_체크리스트 | C15: 14 | D15: =COUNTIF(11_회귀_인시던트_체크리스트!$F$2:$F$15,"P0") -> 12 | E15: =COUNTIF(11_회귀_인시던트_체크리스트!$F$2:$F$15,"P1") -> 2 | F15: =COUNTIF(11_회귀_인시던트_체크리스트!$F$2:$F$15,"P2") -> 0 | G15: =COUNTIF(11_회귀_인시던트_체크리스트!$H$2:$H$15,"완료") -> 0 | H15: =IF(C15=0,0,G15/C15) -> 0
B16: 합계 | C16: =SUM(C5:C15) -> 116 | D16: =SUM(D5:D15) -> 57 | E16: =SUM(E5:E15) -> 41 | F16: =SUM(F5:F15) -> 18 | G16: =SUM(G5:G15) -> 0 | H16: =IF(C16=0,0,G16/C16) -> 0
B19: 우선순위 기준
B20: P0 | C20: 치명 — 실사용자 영향/보안/데이터 정합성. Phase 2~3에서 최우선.
B21: P1 | C21: 중요 — 기능 정확성. P0 처리 후 진행.
B22: P2 | C22: 일반 — 편의/문서/부가기능. 여유 있을 때 진행.

Sheet 01_기존자동화_인벤토리
A1: ID | B1: 영역 | C1: 테스트 항목 | D1: 방법 | E1: 참조(파일 / 도구 / 워크플로) | F1: 우선순위 | G1: 통과 기준 | H1: 상태 | I1: 비고
A2: AUTO-01 | B2: CI 정적가드 | C2: HONDI-CAPABILITIES-COMMON 레지스트리가 실제 코드와 일치하는지 | D2: 기존자동화-실행 | E2: .github/workflows/check-capabilities-registry.yml | F2: P1 | G2: CI green
A3: AUTO-02 | B3: CI 정적가드 | C3: EXPERT 페르소나 테이블 동기화(§CATALOG-EXPERT ↔ expert-registry-*.js) | D3: 기존자동화-실행 | E3: .github/workflows/check-expert-table-sync.yml | F3: P1 | G3: CI green
A4: AUTO-03 | B4: CI 정적가드 | C4: GWP 리포트 형식 준수(kestate/ktelecom 등 GWP 태그 포맷) | D4: 기존자동화-실행 | E4: .github/workflows/check-gwp-report-compliance.yml | F4: P1 | G4: CI green
A5: AUTO-04 | B5: CI 정적가드 | C5: ksic-parent-map.json이 ksic-flat.csv 대비 최신인지 | D5: 기존자동화-실행 | E5: .github/workflows/check-ksic-parent-map-freshness.yml | F5: P2 | G5: CI green
A6: AUTO-05 | B6: CI 정적가드 | C6: SP가 다른 파일에 통째로 복사(embedded)돼 있지 않은지 | D6: 기존자동화-실행 | E6: .github/workflows/check-no-embedded-sp.yml | F6: P1 | G6: CI green
A7: AUTO-06 | B7: CI 정적가드 | C7: SP-TREE-REGISTRY 준수 — 하드코딩 SP 참조·미선언 상속 금지 | D7: 기존자동화-실행 | E7: .github/workflows/check-no-hardcoded-sp-refs.yml | F7: P0 | G7: CI green | I7: SP 트리 거버넌스 핵심 가드
A8: AUTO-07 | B8: 라우팅 | C8: 라우팅 회귀 자동 게이트(과거 라이브 결과 대비 정확도 하락 감지) | D8: 기존자동화-실행 | E8: .github/workflows/check-routing-regression.yml + check_routing_regression_threshold.py | F8: P0 | G8: CI green(임계치 이내) | I8: PR마다 자동 실행
A9: AUTO-08 | B9: CI 정적가드 | C9: GWP 서비스 테이블(gwp-registry.js) 동기화 | D9: 기존자동화-실행 | E9: .github/workflows/check-service-table-sync.yml | F9: P1 | G9: CI green
A10: AUTO-09 | B10: CI 정적가드 | C10: SP 상속 관계(체인) 무결성 | D10: 기존자동화-실행 | E10: .github/workflows/check-sp-inheritance.yml | F10: P1 | G10: CI green
A11: AUTO-10 | B11: CI 정적가드 | C11: SP에 대한 참조가 오래돼 깨진(stale) 곳이 없는지 | D11: 기존자동화-실행 | E11: .github/workflows/check-stale-refs.yml | F11: P2 | G11: CI green
A12: AUTO-11 | B12: 관제탑원칙 | C12: UNIVERSAL 레이어(UNIVERSAL-INTEGRITY 등)가 모든 SP 조립 경로에 커버되는지 | D12: 기존자동화-실행 | E12: .github/workflows/check-universal-layers-coverage.yml | F12: P0 | G12: CI green | I12: 관제탑 원칙과 가장 직접 연관
A13: AUTO-12 | B13: 위성저장소 | C13: gopang-wallet.js가 18+ 위성 저장소 전체에서 동기화돼 있는지 | D13: 기존자동화-실행 | E13: .github/workflows/check-wallet-sync.yml | F13: P0 | G13: CI green | I13: 과거 3회 drift 이력
A14: AUTO-13 | B14: 인프라안전 | C14: worker.js 대량삭제(mass-deletion) 탐지 | D14: 기존자동화-실행 | E14: .github/workflows/check-worker-mass-deletion.yml | F14: P0 | G14: CI green | I14: 과거 3회 실제 사고(436e508 등)
A15: AUTO-14 | B15: 배포 | C15: PocketBase hooks 배포 게이트 | D15: 기존자동화-실행 | E15: .github/workflows/deploy-pb-hooks.yml | F15: P1 | G15: 배포 성공
A16: AUTO-15 | B16: 배포 | C16: PocketBase migrations 배포 게이트 | D16: 기존자동화-실행 | E16: .github/workflows/deploy-pb-migrations.yml | F16: P1 | G16: 배포 성공
A17: AUTO-16 | B17: 배포 | C17: worker.js(hondi-proxy) 배포 게이트(브랜치 보호 대상) | D17: 기존자동화-실행 | E17: .github/workflows/deploy-worker.yml | F17: P0 | G17: 배포 성공 + auto-merge | I17: 직접 push 금지 대상
A18: AUTO-17 | B18: 관제탑원칙 | C18: gov-tree 관제탑 원칙 라이브 스모크테스트 | D18: 기존자동화-실행 | E18: .github/workflows/live-smoketest-control-tower-govtree.yml | F18: P0 | G18: LIVE-PASS 비율 확인 | I18: results/control-tower/
A19: AUTO-18 | B19: 관제탑원칙 | C19: professor 페르소나 관제탑 원칙 라이브 스모크테스트(임의 선정) | D19: 기존자동화-실행 | E19: .github/workflows/live-smoketest-control-tower-professor.yml | F19: P0 | G19: LIVE-PASS 비율 확인 | I19: 2026-08-09 지시 사항 — 하네스 자체가 프로덕션과 어긋나 있었던 이력(NEXT_SESSION_HANDOFF_20260809_v2.md §2-1) 재확인 필요
A20: AUTO-19 | B20: EXPERT페르소나 | C20: EXPERT 페르소나 62개 라이브 스모크테스트(라우팅 후 실제 행동 검증) | D20: 기존자동화-실행 | E20: .github/workflows/live-smoketest-expert-persona.yml + expert_persona_smoketest.py | F20: P0 | G20: LIVE-PASS 비율 확인
A21: AUTO-20 | B21: gov-tree | C21: K12 과목 매핑 라이브 스모크테스트 | D21: 기존자동화-실행 | E21: .github/workflows/live-smoketest-k12-subject-mapping.yml | F21: P1 | G21: LIVE-PASS 비율 확인
A22: AUTO-21 | B22: profile-assistant | C22: profile-assistant 6-STEP 멀티턴 라이브 스모크테스트(300건) | D22: 기존자동화-실행 | E22: .github/workflows/live-smoketest-profile-assistant.yml + profile_assistant_smoketest.py | F22: P0 | G22: LIVE-PASS 비율 확인 | I22: results/profile-assistant/
A23: AUTO-22 | B23: 라우팅 | C23: AC-PRO-CORE 라이브 라우팅 스모크테스트(300 시나리오, DeepSeek) | D23: 기존자동화-실행 | E23: .github/workflows/live-smoketest.yml + live_smoketest.py | F23: P0 | G23: LIVE-PASS 비율 확인 | I23: 가장 핵심적인 회귀 게이트
A24: AUTO-23 | B24: 매니페스트 | C24: manifest.json/서비스 매니페스트 무결성 | D24: 기존자동화-실행 | E24: .github/workflows/manifest.yml | F24: P2 | G24: CI green
A25: AUTO-24 | B25: 인프라 | C25: gopang-wallet.js CDN 캐시 정리 | D25: 기존자동화-실행 | E25: .github/workflows/purge-wallet-cdn.yml | F25: P2 | G25: 정리 성공
A26: AUTO-25 | B26: SP운영 | C26: SP 정기 갱신 스케줄러 | D26: 기존자동화-실행 | E26: .github/workflows/sp-refresh-scheduler.yml | F26: P2 | G26: 정상 실행
A27: AUTO-26 | B27: SP운영 | C27: SP-TREE-GUARDIAN 확률적 주간 감사 | D27: 기존자동화-실행 | E27: .github/workflows/sp-tree-guardian.yml | F27: P1 | G27: 감사 리포트 이상 없음 | I27: SP-TREE-GUARDIAN_v1_0.md
A28: AUTO-27 | B28: gov-tree | C28: subject-gate 계층형 라이브 스모크테스트 | D28: 기존자동화-실행 | E28: .github/workflows/subject-gate-hierarchical-live-smoketest.yml | F28: P1 | G28: LIVE-PASS 비율 확인
A29: AUTO-28 | B29: gov-tree | C29: subject-gate 라이브 스모크테스트 | D29: 기존자동화-실행 | E29: .github/workflows/subject-gate-live-smoketest.yml + subject_gate_live_smoketest.py | F29: P1 | G29: LIVE-PASS 비율 확인 | I29: max_tokens 빈 응답 결함 수정 이력(2026-08-09) — 회귀 확인
A30: AUTO-29 | B30: 운영 | C30: 사용자 피드백 자동 분류(triage) | D30: 기존자동화-실행 | E30: .github/workflows/triage-user-feedback.yml | F30: P2 | G30: 정상 실행

Sheet 02_라우팅_오케스트레이션
A1: ID | B1: 영역 | C1: 테스트 항목 | D1: 방법 | E1: 참조(파일 / 도구 / 워크플로) | F1: 우선순위 | G1: 통과 기준 | H1: 상태 | I1: 비고
A2: RT-01 | B2: GWP 태그계층 | C2: gwp-registry.js 전수 조사 — url:null인 모든 항목(type:tool/inline/switch)이 _parseAgentTags의 구식 [GWP:id] 오출력 시 안전 경로(자동복구 또는 안전 정리)를 갖는지 | D2: 신규-수동 | E2: gwp-registry.js grep 'url: null' → call-ai.js _parseAgentTags 각 분기 대조 | F2: P0 | G2: url:null 항목 전부가 switch/tool/inline 셋 중 하나로 분류되고, 분류마다 대응 분기가 존재 | I2: 이번 세션 tool-web-search/ksearch 사각지대 수정의 일반화 — 같은 클래스의 다음 항목이 또 나오기 전에 전수 점검
A3: RT-02 | B3: GWP 태그계층 | C3: 신규 GWP 항목 추가 시 url:null인데 type 분기가 없으면 CI가 막아주는 정적 가드가 있는가(현재 없음 — 신규 설계 대상) | D3: 신규-자동화 필요 | E3: check-service-table-sync.yml 확장 검토 | F3: P1 | G3: url:null && type not in {switch,tool,inline} 조합이 있으면 CI fail | I3: 이번 사고의 재발 방지용 CI 가드 신설 제안
A4: RT-03 | B4: 오케스트레이션 | C4: [CALL_KINTENT] 정상 발화(콜론+query 형식) 처리 재확인 — 회귀 없는지 | D4: 신규-수동 | E4: call-ai.js:1417 부근, _handleOrchestrationTags | F4: P0 | G4: K-Intent로 정상 전환, history 초기화 확인
A5: RT-04 | B5: 오케스트레이션 | C5: [CALL_KINTENT] 철자 이탈('[CALL_KINTENT]'만 언급, 'CALL_INTENT' 오탈자) 자동복구 | D5: 신규-수동 | E5: call-ai.js:1417 정규식 `/\[CALL_K?INTENT\s*(?::\s*query=([^\]]+))?\]/i` | F5: P1 | G5: userText로 폴백 전환 성공 | I5: 2026-08-06 발견된 계열 문제 — 회귀 확인
A6: RT-05 | B6: 오케스트레이션 | C6: K-Intent → K-Compose → K-Execute → K-Deliver 5단계 각 홉 정상 전달 | D6: 신규-수동 | E6: docs/5단계오케스트레이션_100건_사고실험_2026-07-16.md 시나리오 재실행 | F6: P0 | G6: 각 [HANDOFF_TO_*] 태그가 다음 SP로 정확히 forward
A7: RT-06 | B7: 오케스트레이션 | C7: 각 홉 실패 시 워치독(_recoverOrchestrationFailure) 복구 동작 | D7: 신규-수동 | E7: call-ai.js:1136, hopLabel별로 인위적 실패 유도(네트워크 차단 등) | F7: P0 | G7: AC로 복귀해 사용자에게 실패를 정직하게 안내(조용히 끊기지 않음)
A8: RT-07 | B8: 오케스트레이션 | C8: kestate/ktelecom/kbank(type:switch) 자동복구 회귀 — 이번 세션 tool/inline 가드 추가가 기존 switch 분기 동작을 바꾸지 않았는지 | D8: 신규-수동 | E8: call-ai.js:4266 분기, scenarios_repro_gwp_exception_tags_20260807.json 재실행 | F8: P0 | G8: kestate/ktelecom 각 20회 반복 100% 자동복구(기존 결과와 동일) | I8: 이번 세션 패치 직후 최우선 회귀
A9: RT-08 | B9: 오케스트레이션 | C9: tool-web-search 자동복구 — 실배포에서 /web-search 프록시 정상 응답 확인 | D9: 신규-수동 | E9: worker.js /web-search 엔드포인트, Serper.dev 프록시, 일일예산 캡 | F9: P0 | G9: "제주대학교에 ai연구센터가 있는지" 등 실사 쿼리로 정상 검색 결과 반환(빈 탭 재발 없음) | I9: 이번 세션 수정의 실사용자 시나리오 재현 — 최우선
A10: RT-09 | B10: 오케스트레이션 | C10: ksearch 자동복구 — [CALL_KINTENT] 재전달 경유가 실제 스트리밍에서 정상 동작하는지(history/CFG.system 전환 타이밍) | D10: 신규-수동 | E10: call-ai.js:4386 부근, 실배포 desktop.html/webapp.html에서 '~찾아줘' 류 발화 | F10: P0 | G10: K-Intent로 정상 전환되고 대화가 끊기지 않음 | I10: 정적분석만으론 100% 보장 못한 지점(이전 답변에서 명시)
A11: RT-10 | B11: 오케스트레이션 | C11: tool-calculator — 아직 전용 실행부 없음(fn:null 방치) 재현 빈도 확인 | D11: 신규-수동 | E11: gwp-registry.js:641 tool-calculator, 계산 요청 발화 다수 시도 | F11: P2 | G11: 빈도가 낮으면 현행 유지(탭 정리만), 높으면 [CALCULATE:] 태그 신규 설계 필요 판단 근거 확보
A12: RT-11 | B12: GWP엔진 | C12: _gwpLaunch() 2차 방어선(service.url 없으면 탭 미오픈) 단위 검증 | D12: 신규-수동 | E12: engine.js:113-138, url 없는 임의 서비스 객체로 직접 호출 | F12: P1 | G12: about:blank 탭이 열리지 않거나 즉시 정리되고 안내 버블 표시 | I12: 이번 세션 신설 방어 코드
A13: RT-12 | B13: GWP엔진 | C13: 정상 GWP 탭 런치(url 있는 서비스) 회귀 — 2차 방어선 추가가 정상 경로를 막지 않는지 | D13: 신규-수동 | E13: kqna, 위원회 등 url 있는 GWP 항목으로 정상 새 탭 오픈 시나리오 | F13: P0 | G13: 기존과 동일하게 새 탭 정상 오픈
A14: RT-13 | B14: SEARCH태그 | C14: [SEARCH: query=..., type=user] 같은 탭 오버레이 vs mode=tab 새 탭 분기 | D14: 신규-수동 | E14: call-ai.js:4398 부근 | F14: P2 | G14: 오버레이/새 탭 각각 의도대로 동작

Sheet 03_관제탑원칙_SP구성
A1: ID | B1: 영역 | C1: 테스트 항목 | D1: 방법 | E1: 참조(파일 / 도구 / 워크플로) | F1: 우선순위 | G1: 통과 기준 | H1: 상태 | I1: 비고
A2: CT-01 | B2: SP조립경로 | C2: SP를 조립하는 모든 코드 경로 전수 목록화(_composeExpertPrompt, assembleGovSystemPrompt, handleAIChat, webapp.html BYOK 등) | D2: 신규-수동 | E2: grep -rn 'CONTROL-TOWER-PRINCIPLE\|assembleGovSystemPrompt\|_composeExpertPrompt' src/ | F2: P0 | G2: 발견된 모든 조립 경로 목록 + 각각 CONTROL-TOWER-PRINCIPLE 포함 여부 표 | I2: 이미 handleAIChat 패스스루·webapp.html BYOK 2건 발견·수정 이력 — '이게 마지막'이라는 보장이 없음
A3: CT-02 | B3: SP조립경로 | C3: handleAIChat(/ai/chat) 패스스루 수정 회귀 — _fetchUniversalLayers() 주입 유지 확인 | D3: 신규-수동 | E3: src/worker/ai-chat-handler.js | F3: P0 | G3: /ai/chat 경유 응답에도 UNIVERSAL 레이어 포함 | I3: 이미 수정된 것으로 기록됨 — 회귀만 확인
A4: CT-03 | B4: SP조립경로 | C4: webapp.html BYOK 경로 CONTROL-TOWER-PRINCIPLE 패치 회귀 | D4: 신규-수동 | E4: webapp.html BYOK 관련 섹션 | F4: P0 | G4: BYOK 경로도 관제탑 원칙 포함 | I4: 이미 수정된 것으로 기록됨 — 회귀만 확인
A5: CT-04 | B5: 테스트하네스 | C5: expert_persona_smoketest.py의 compose_expert_prompt()가 프로덕션 expert-session.js._composeExpertPrompt()와 조립 순서·내용이 일치하는지 | D5: 신규-수동 | E5: tests/live_smoketest/expert_persona_smoketest.py:141 vs src/gopang/ai/expert-session.js | F5: P0 | G5: 두 구현이 UNIVERSAL-INTEGRITY→UNIVERSAL-common→PROFESSIONAL-common→SP_common_guardrails→(필요시)SP_common_medical_safety→개별 SP 순서로 완전히 일치 | I5: NEXT_SESSION_HANDOFF_20260809_v2.md §2-1에서 지적된 하네스-프로덕션 드리프트 — 검증 전 반드시 먼저 고칠 것
A6: CT-05 | B6: professor페르소나 | C6: professor 158개 리프 중 관제탑 원칙 준수 임의 표본 테스트 | D6: 신규-수동+기존하네스 | E6: live-smoketest-control-tower-professor.yml (CT-04 선행 필요) | F6: P0 | G6: 표본 전부 CONTROL-TOWER-PRINCIPLE 지시를 실제로 따름(무시하고 자체 판단으로 응답하지 않음) | I6: 2026-08-09 주피터 지시 원문 — 이 표의 최우선 미결 과제
A7: CT-06 | B7: gov-tree | C7: gov-tree 관제탑 원칙 준수(기존 라이브 스모크테스트로 커버) | D7: 기존자동화-실행 | E7: live-smoketest-control-tower-govtree.yml | F7: P0 | G7: LIVE-PASS
A8: CT-07 | B8: 만족도 | C8: 위 CT-01에서 새로 발견되는 미포함 경로가 있다면 즉시 이슈화 | D8: 신규-수동 | E8: CT-01 결과표 기반 | F8: P0 | G8: 발견 즉시 패치, 이 표에 회귀 항목으로 재등록 | I8: 이 시트의 존재 이유 자체

Sheet 04_인증_SSO_보안
A1: ID | B1: 영역 | C1: 테스트 항목 | D1: 방법 | E1: 참조(파일 / 도구 / 워크플로) | F1: 우선순위 | G1: 통과 기준 | H1: 상태 | I1: 비고
A2: AU-01 | B2: SSO | C2: 고팡 SSO 3줄 통합(gopangAuth.require('L0')) — 위성 저장소 기준 흐름 재현 | D2: 신규-수동 | E2: auth/gopang-sso.js, README.md §1 | F2: P1 | G2: 미인증 시 자동 리다이렉트, 인증 후 user.ipv6/level 정상 반환
A3: AU-02 | B3: SSO | C3: L0→L1→L2→L3 인증 레벨 단계 승격(얼굴 MediaPipe, 지문 WebAuthn, 4단어) | D3: 신규-수동 | E3: auth/, /account/step-up-challenge, /account/step-up-verify | F3: P0 | G3: 각 레벨 요구 조건 충족 시에만 승격, 미충족 시 차단
A4: AU-03 | B4: SSO | C4: device-link QR 로그인 전체 체인(init→deliver→poll→verify) | D4: 신규-수동 | E4: auth/device-link.html, worker.js /auth/device-link/* | F4: P0 | G4: QR 스캔~로그인 완료까지 매끄럽게 연결 | I4: DEVICE_LINK_FULL_CHAIN_INCIDENT_2026_07_28.md 재현 — 회귀 확인
A5: AU-04 | B5: SSO | C5: device-link KV TTL 최소값 준수 | D5: 신규-수동 | E5: DEVICELINK_KV_TTL_MINIMUM_2026_07_22.md 기준 | F5: P1 | G5: TTL이 문서화된 최소값 이상
A6: AU-05 | B6: SSO | C6: gwp_token 발급 경로(SSO 경로1) — engine.js issueToken 정상 발급 및 수신측 검증 | D6: 신규-수동 | E6: engine.js _gwpLaunch 내 issueToken 호출부, auth/gopang-sso.js | F6: P1 | G6: gwp_token 발급 성공 시 수신 서비스가 opener postMessage 왕복 없이 즉시 인증 | I6: 2026-07-30 신설 — 실배포 검증 이력 있는지 불확실
A7: AU-06 | B7: 보안 | C7: 전화번호 사칭(impersonation) 취약점 3계층 방어 회귀 | D7: 신규-수동 | E7: 메모리 기록 — 3개 레이어 수정 이력, 구체 파일은 auth/ 전화 인증 관련 검색 필요 | F7: P0 | G7: 동일 취약점 재현 시도 실패(방어 유지) | I7: 보안 인시던트 — 최우선 회귀
A8: AU-07 | B8: 지갑보안 | C8: WebAuthn PRF 지갑 서명/키 유도 정상 동작 | D8: 신규-수동 | E8: gopang-wallet.js WebAuthn PRF 관련부 | F8: P0 | G8: 지갑 서명 요청 시 WebAuthn PRF로 정상 키 유도
A9: AU-08 | B9: 관리자 | C9: /admin/login, /admin/users/* 관리자 전용 엔드포인트 권한 검증 | D9: 신규-수동 | E9: worker.js /admin/* (13개 엔드포인트) | F9: P0 | G9: 비관리자 토큰으로 접근 시 전부 거부
A10: AU-09 | B10: 동의 | C10: consent.html 이용약정서 동의 플로우 및 GDPR류 최소 요건 | D10: 신규-수동 | E10: consent.html, worker.js /consent/* | F10: P2 | G10: 동의 없이는 서비스 진행 불가, 철회 가능

Sheet 05_PDV_GDC_지갑_결제
A1: ID | B1: 영역 | C1: 테스트 항목 | D1: 방법 | E1: 참조(파일 / 도구 / 워크플로) | F1: 우선순위 | G1: 통과 기준 | H1: 상태 | I1: 비고
A2: PG-01 | B2: PDV | C2: 6하원칙(누가·언제·어디서·무엇을·어떻게·왜) 스키마 준수 리포트 전송 | D2: 신규-수동 | E2: docs/gopang-report-manual.md, worker.js /pdv/report | F2: P1 | G2: 필드 누락 시 명확한 오류, 정상 시 pdv_entry ID 반환
A3: PG-02 | B3: PDV | C3: PDV 기록과 gwp_registry.call_count_30d 동시 증분(fire-and-forget) 정합성 | D3: 신규-수동 | E3: engine.js _recordPDVAndBumpRegistry | F3: P2 | G3: PDV 기록 실패와 무관하게 항상 기록 자체는 성공, 카운트 증분은 best-effort
A4: PG-03 | B4: GDC | C4: GDC 민감정보(시크릿) git 노출 방지 — 과거 사고 재현 | D4: 신규-수동 | E4: GDC_GIT_EXPOSURE_INCIDENT_2026_07_23.md 절차 재현 + git-secrets류 스캔 | F4: P0 | G4: 동일 패턴의 시크릿이 diff/커밋 이력에 없음 | I4: 보안 인시던트 — 최우선 회귀
A5: PG-04 | B5: GDC | C5: GDC 충전 요청~승인~웹훅(PG) 전체 플로우 | D5: 신규-수동 | E5: worker.js /biz/charge-request, /biz/charge-confirm, /biz/charge-webhook-pg | F5: P0 | G5: 충전 완료까지 정합성 유지, 중복 승인 방지
A6: PG-05 | B6: GDC | C6: GDC 예치(deposit)~예치 종료(deposit-close) 플로우 | D6: 신규-수동 | E6: worker.js /biz/gdc-deposit, /biz/gdc-deposit-close | F6: P1 | G6: 예치 이자/정산 정확
A7: PG-06 | B7: GDC | C7: GDC DAO 제안(proposal)~투표(vote) 거버넌스 플로우 | D7: 신규-수동 | E7: worker.js /biz/gdc-dao/proposal, /biz/gdc-dao/vote, /biz/gdc-dao/proposals | F7: P1 | G7: 중복 투표 방지, 정족수 계산 정확
A8: PG-07 | B8: GDC원장 | C8: OpenHash GDC 계층적 원장(43개 L1 노드) 정합성 | D8: 신규-수동 | E8: worker.js /ledger/*, /openhash/*, 서귀포시 2번째 Oracle Cloud 서버 포함 | F8: P1 | G8: 노드 간 해시체인 일치, 이중 확정 없음
A9: PG-08 | B9: 지갑동기화 | C9: gopang-wallet.js 18+ 위성 저장소 drift(기존 CI로 커버, 여기선 샘플 수동 확인) | D9: 신규-수동(교차검증) | E9: check-wallet-sync.yml 결과 + 위성 저장소 3~5곳 샘플 직접 diff | F9: P1 | G9: CI green과 실제 diff 결과 일치(오탐/누락 없는지 이중 확인)
A10: PG-09 | B10: 결제 | C10: 보험 청구(ins-claim)~ACK 플로우 | D10: 신규-수동 | E10: worker.js /biz/ins-claim, /biz/ins-claims, /biz/claims/ack | F10: P1 | G10: 청구~승인~ACK 상태 전이 정확
A11: PG-10 | B11: 재무 | C11: 재무제표(fs) 실시간 조회([BALANCE_CHECK] 태그) | D11: 신규-수동 | E11: call-ai.js _handleBalanceCheckTag, window.gopangWallet.getFinancialState() | F11: P1 | G11: 비공개 원칙 준수(제3자 노출·PARTIAL_SAVE 등에 유출되지 않음)

Sheet 06_govtree_행정서비스
A1: ID | B1: 영역 | C1: 테스트 항목 | D1: 방법 | E1: 참조(파일 / 도구 / 워크플로) | F1: 우선순위 | G1: 통과 기준 | H1: 상태 | I1: 비고
A2: GT-01 | B2: gov-tree | C2: PROVINCE_REGISTRY 16개 도 단일 소스 정합성(2026-07-01 전남·광주 통합 반영) | D2: 신규-수동 | E2: PROVINCE_REGISTRY 정의 파일, gov-router.js | F2: P0 | G2: 17→16개 전환이 전 코드베이스에 일관 반영
A3: GT-02 | B3: gov-tree | C3: gov-router.js directCode 핸들러 — 하드코딩 'jeju' 폴백 버그 회귀 | D3: 신규-수동 | E3: gov-router.js _findEntryAcrossProvinces() | F3: P0 | G3: 제주 외 지역 directCode 조회도 정확한 도로 해석 | I3: src/tests/directcode-province-resolution.test.mjs 존재 — 먼저 이 단위테스트부터 실행
A4: GT-03 | B4: gov-tree | C4: lazy instancing(REAL/STUB/MISSING 분류기, PocketBase-first 조회, SP-Author 실시간 생성) | D4: 기존단위테스트+신규수동 | E4: src/tests/gov-tree-lazy-instancing.test.mjs, GOV_TREE_LAZY_INSTANCING_DESIGN_v1_0.md | F4: P0 | G4: 세 분류 모두 정확히 판정, MISSING만 SP-Author 트리거
A5: GT-04 | B5: gov-tree | C5: _makeGenericCityDeptEntries 공유 테이블 키워드 오라우팅 버그 회귀 | D5: 신규-수동 | E5: EMD급 업무가 시/도 레벨로 잘못 라우팅되지 않는지 재현 | F5: P0 | G5: EMD 레벨 업무는 EMD로 정확히 라우팅 | I5: 이미 수정 이력 — 회귀 확인
A6: GT-05 | B6: K-Search | C6: 시맨틱 벡터 검색(Cloudflare Workers AI bge-m3 + Vectorize) 자연어 질의 정확도 | D6: 신규-수동 | E6: worker.js /search/*, /entity-semantic-search, /embed-text | F6: P0 | G6: AND-로직 공백분할 시절 0% 매칭이던 자연어 질의가 정상 매칭 | I6: K-Search 업그레이드 핵심 회귀
A7: GT-06 | B7: §1원칙 | C7: 모든 사용자=SP 원칙 — 665개 gov-tree 기관 + 90개 GWP/EXPERT가 실제 K-Search 프로필로 검색되는지 | D7: 신규-수동 | E7: _l1UpsertProfile() 상위 검색 컬럼, K-Search 질의 샘플링 | F7: P0 | G7: 샘플 기관명으로 K-Search 질의 시 guid 정확히 반환 | I7: §1 제1원칙 코드 강제 검증
A8: GT-07 | B8: gov-tree | C8: 178개 gov-tree 기관 엔티티 기반 launch 폴백(_resolveEntityGwp) | D8: 신규-수동 | E8: gwp-registry.js/call-ai.js _resolveEntityGwp, core 21개 배열 밖 guid 처리 | F8: P1 | G8: 전용 SP 없는 기관도 kgov(추상 클래스)로 낙착, null 반환 없음
A9: GT-08 | B9: gov-tree | C9: Busan 파일럿 라우팅 회귀 | D9: 신규-수동 | E9: 부산 지역 관련 시나리오 | F9: P1 | G9: 부산 지역 요청 정확히 라우팅

Sheet 07_EXPERT_페르소나
A1: ID | B1: 영역 | C1: 테스트 항목 | D1: 방법 | E1: 참조(파일 / 도구 / 워크플로) | F1: 우선순위 | G1: 통과 기준 | H1: 상태 | I1: 비고
A2: EX-01 | B2: 리프정합성 | C2: 신규 88개 리프(physician 26·lawyer 46·patent-attorney 10·accountant 9)가 sp-catalog.json과 expert-registry-*.js 양쪽에 일관되게 존재 | D2: 기존자동화-실행 | E2: check-expert-table-sync.yml | F2: P1 | G2: CI green
A3: EX-02 | B3: 리프정합성 | C3: expert-registry-core.js 4개 도메인 파일 분리(PR #268) 이후 누락/중복 없음 | D3: 신규-수동 | E3: expert-registry-core.js, -lawyer.js, -physician.js, -professor.js | F3: P1 | G3: 62+개 페르소나 전수 카운트 일치
A4: EX-03 | B4: 라이브검증 | C4: 62개 EXPERT 페르소나 라이브 스모크테스트(기존 하네스, CT-04 수정 후 재실행) | D4: 기존자동화-실행 | E4: live-smoketest-expert-persona.yml | F4: P0 | G4: LIVE-PASS 비율 확인 | I4: CT-04 하네스 정합성 수정이 선행돼야 결과 신뢰 가능
A5: EX-04 | B5: 세부전공 | C5: physician/lawyer/patent-attorney/accountant 세부 전공(subject-gate) 정밀 라우팅 | D5: 신규-수동 | E5: subject_gate_hierarchical_live_smoketest, scenarios_subject_gate_stage2_gapfill_20260809.json | F5: P1 | G5: 직군명 없이 상황 서술만으로도 올바른 세부 리프 도달
A6: EX-05 | B6: 세션관리 | C6: 그림자 AI(AGENT-COMMON) 응답에서만 EXPERT 세션 진입, 페르소나 본인 응답 재귀 전환 없음 | D6: 신규-수동 | E6: call-ai.js CFG.system?.includes('§0. 정체성') 게이트 | F6: P1 | G6: 페르소나 응답 중 우연한 패턴 매치로 세션이 바뀌지 않음
A7: EX-06 | B7: NEXT_STEP | C7: K-Execute/K-Deliver [NEXT_STEP:] 요구 없이 구조 직접 검사(_enforceConversationalStyle) 동작 | D7: 신규-수동 | E7: call-ai.js 모듈 하단 _violatesConversationalStyle/_enforceConversationalStyle | F7: P2 | G7: 대화체 위반 시 정정 유도

Sheet 08_biz_상거래_결제
A1: ID | B1: 영역 | C1: 테스트 항목 | D1: 방법 | E1: 참조(파일 / 도구 / 워크플로) | F1: 우선순위 | G1: 통과 기준 | H1: 상태 | I1: 비고
A2: BZ-01 | B2: 카탈로그 | C2: /biz/catalog, /biz/catalog/hydrate, /biz/catalog/sync 상품 카탈로그 동기화 | D2: 신규-수동 | E2: worker.js /biz/catalog* | F2: P1 | G2: 동기화 후 카탈로그 정합성(중복/누락 없음)
A3: BZ-02 | B3: 잔액/충전 | C3: /biz/balance, /biz/balance-status, /biz/charge-* 잔액·충전 플로우(PG-04와 교차 참조) | D3: 신규-수동 | E3: worker.js /biz/balance*, /biz/charge* | F3: P0 | G3: 잔액 조회·충전 정확, 동시 충전 경합 없음 | I3: PG-04와 중복 방지 위해 함께 진행
A4: BZ-03 | B4: 배송/이행 | C4: /biz/delivery-request 배달의민족 등 외주 배달 연동 | D4: 신규-수동 | E4: worker.js /biz/delivery-request | F4: P1 | G4: 주문~배달 상태 정합 | I4: 혼디 메신저 데모 시나리오(더블 불고기버거 예시)와 연관
A5: BZ-04 | B5: 정산 | C5: /biz/finance/revenue-report, /biz/financials 재무 리포트 정확성 | D5: 신규-수동 | E5: worker.js /biz/finance*, /biz/financials | F5: P1 | G5: 리포트 수치가 원장(ledger)과 일치
A6: BZ-05 | B6: 가입보너스 | C6: /biz/admin/signup-bonus-retry 가입 보너스 재시도 로직 | D6: 신규-수동 | E6: worker.js /biz/admin/signup-bonus-retry | F6: P2 | G6: 실패한 보너스 지급만 재시도, 중복 지급 없음
A7: BZ-06 | B7: 이의제기 | C7: /biz/escalate, /biz/claims, /biz/claims/ack 이의제기~ACK 플로우 | D7: 신규-수동 | E7: worker.js /biz/escalate, /biz/claims* | F7: P1 | G7: 이의제기 상태 전이 정확
A8: BZ-07 | B8: 수수료 | C8: /biz/fee-rate 수수료율 조회 및 적용 | D8: 신규-수동 | E8: worker.js /biz/fee-rate | F8: P2 | G8: 실제 거래에 적용된 수수료율이 조회값과 일치
A9: BZ-08 | B9: AI채팅 | C9: /biz/ai-chat — 사업자 전용 AI 채팅 경로가 일반 /ai/chat과 동일하게 관제탑 원칙 적용받는지 | D9: 신규-수동 | E9: worker.js /biz/ai-chat vs /ai/chat(CT-02) | F9: P0 | G9: 두 경로 모두 UNIVERSAL 레이어 주입 일관 | I9: CT-01 전수조사에서 반드시 포함해야 할 후보 경로

Sheet 09_위성저장소_동기화
A1: ID | B1: 영역 | C1: 테스트 항목 | D1: 방법 | E1: 참조(파일 / 도구 / 워크플로) | F1: 우선순위 | G1: 통과 기준 | H1: 상태 | I1: 비고
A2: SAT-00 | B2: 인벤토리 | C2: tools/check_wallet_sync.py에 등록된 위성 저장소 18개 목록 최신성 확인 — 실제 Openhash-Gopang org의 전체 레포 수(18+)와 일치하는지 | D2: 신규-수동 | E2: 등록 목록: 911, democracy, gdc, health, insurance, jeju, klaw, logistics, market, police, public, qna, school, security, stock, tax, traffic, users | F2: P1 | G2: org 실제 레포 목록 대비 누락된 위성이 없음(신규 서비스 추가 시 이 리스트도 갱신됐는지) | I2: check_wallet_sync.py 자체 주석에 '검증 못한 나머지 위성' 명시돼 있음 — 이 항목이 그 미완 확인 작업
A3: SAT-01 | B3: wallet동기화 | C3: gopang-wallet.js sha256 해시 18개 위성 전수 일치(기존 CI 결과 신뢰도 재확인) | D3: 기존자동화-실행 | E3: check-wallet-sync.yml 매일 06:00 KST 스케줄 결과 + 수동 재실행 | F3: P0 | G3: 전 위성 해시 일치, 2026-07-22 '완료 기록 vs 실제 드리프트' 재발 없음
A4: SAT-02 | B4: GWP패턴전파 | C4: 이번 세션 발견한 'url:null GWP 항목이 구식 [GWP:id]로 호출되면 orphan 사고' 패턴이 위성 저장소 자체 GWP 유사 로직(예: market의 nested [CALL_KSEARCH])에도 있는지 | D4: 신규-수동 | E4: market 레포 [CALL_KSEARCH] 자체 구현부(허브 gwp-registry.js 등록과 무관, market 레포 자체 구현이라는 주석 근거) | F4: P1 | G4: 동일 클래스 사고 재현 안 됨 | I4: RT-01의 위성 확장판
A5: SAT-03 | B5: 관제탑원칙전파 | C5: 허브에서 발견된 CONTROL-TOWER-PRINCIPLE 누락 패턴(handleAIChat류 패스스루)이 klaw/market/school 등 자체 AI 채팅 경로를 가진 위성에도 있는지 | D5: 신규-수동 | E5: 각 위성의 AI 채팅 핸들러 grep 'CONTROL-TOWER-PRINCIPLE' | F5: P0 | G5: 위성 자체 AI 경로도 관제탑 원칙 포함(또는 애초에 허브 AC 경유만 하는 구조라 해당없음 확인) | I5: CT-01과 함께 진행 — 허브만 고치고 위성이 사각지대로 남는 걸 방지
A6: SAT-04 | B6: SSO연동 | C6: 각 위성이 README.md §1 '3줄 통합' 그대로 gopang-sso.js를 최신 버전으로 참조하는지 | D6: 신규-수동(샘플) | E6: 각 위성 HTML의 <script type=module> import 구문, 3~5곳 샘플 | F6: P2 | G6: 고정 버전 URL이 아니라 https://hondi.net/auth/gopang-sso.js(최신) 참조
A7: SAT-05 | B7: manifest.json | C7: 18개 위성 각각의 services/*/manifest.json이 허브 서비스 등록 기준과 일치 | D7: 신규-수동 | E7: services/klaw/manifest.json, services/fiil-kcleaner/manifest.json 등 + 위성 자체 manifest | F7: P2 | G7: 레벨(Level 1/2/3) 표기 및 서비스 ID 일치

Sheet 10_UI_UX_회귀
A1: ID | B1: 영역 | C1: 테스트 항목 | D1: 방법 | E1: 참조(파일 / 도구 / 워크플로) | F1: 우선순위 | G1: 통과 기준 | H1: 상태 | I1: 비고
A2: UI-01 | B2: desktop.html | C2: 사이드바 체계적 개선 작업 회귀 — 최근 세션들의 UI 개선이 서로 충돌 없이 누적됐는지 | D2: 신규-수동 | E2: desktop.html 사이드바 섹션(개발자 문서, 이용 시나리오 등) | F2: P2 | G2: 육안 확인 + 링크 클릭 전수
A3: UI-02 | B3: 개발자문서 | C3: '🛠 개발자 문서' 서브메뉴 링크 전체가 실제 존재하는 docs/*.html을 정확히 가리키는지 | D3: 신규-수동 | E3: desktop.html 개발자 문서 링크 목록 vs docs/ 실제 파일 | F3: P2 | G3: 깨진 링크(404) 없음 | I3: SESSION_SUMMARY류 문서가 계속 추가되므로 주기적 재확인 필요
A4: UI-03 | B4: 혼디숫자코드 | C4: 색상 코드→숫자 코드 전환 완료 회귀(hondi-digit-code.js, hondi-digit-scanner.js) | D4: 신규-수동 | E4: test-hondi-digit-code.html, hondi-digit-test.html | F4: P1 | G4: 전 UI에서 색상 코드 잔재 없이 숫자 코드로 표시
A5: UI-04 | B5: 요금제 | C5: 요금제 페이지 히어로 CTA 버튼 + 세금 신고 대행 '준비 중' 문구(최신 커밋 반영분) | D5: 신규-수동 | E5: 최근 커밋 21d5f52, 8fd27dd 대상 페이지 | F5: P2 | G5: CTA 정상 동작, 문구 정확
A6: UI-05 | B6: 혼디숫자코드결제 | C6: 무수수료 결제(digit_code_id 재사용, sendGdc 연동) 회귀 | D6: 신규-수동 | E6: 최근 커밋 8db5551 관련 POS 플로우 | F6: P1 | G6: 결제 정상 완료, 수수료 미부과 확인
A7: UI-06 | B7: 모바일 | C7: 혼디 메신저 테스트 버전(스크린샷 UI) 모바일 뷰 회귀 — 이번 세션 GWP 수정 후 새 탭 동작 | D7: 신규-수동 | E7: webapp.html 모바일 뷰, RT-08 시나리오와 동일 재현 | F7: P0 | G7: 빈 about:blank 탭 재발 없음 | I7: 이 세션 전체의 출발점 재확인

Sheet 11_회귀_인시던트_체크리스트
A1: ID | B1: 영역 | C1: 테스트 항목 | D1: 방법 | E1: 참조(파일 / 도구 / 워크플로) | F1: 우선순위 | G1: 통과 기준 | H1: 상태 | I1: 비고
A2: INC-01 | B2: GWP사각지대 | C2: type:tool/inline(tool-web-search, ksearch) GWP 항목이 구식 [GWP:id] 오출력 시 orphan about:blank 탭으로 방치되던 버그 | D2: 신규-수동 | E2: call-ai.js:4338 부근, engine.js:113 부근, 커밋 e4904ac/3dfee94 | F2: P0 | G2: "제주대학교에 ai연구센터가 있는지" 재현 시 정상 검색 결과 반환, 빈 탭 없음 | I2: 이번 세션 직접 수정 — 배포 후 첫 실사용자 재현이 가장 중요한 회귀
A3: INC-02 | B3: GWP사각지대 | C3: ksearch → CALL_KINTENT 재전달 자동복구 실배포 확인 | D3: 신규-수동 | E3: 커밋 3dfee94, call-ai.js:4386 | F3: P0 | G3: 인물/기관/업체 탐색성 발화가 정상적으로 K-Intent 진입 | I3: INC-01과 함께 확인
A4: INC-03 | B4: switch자동복구 | C4: kestate/ktelecom/kbank(type:switch) 구식 [GWP:id] 오출력 자동복구 | D4: 신규-수동 | E4: call-ai.js:4266, scenarios_repro_gwp_exception_tags_20260807.json | F4: P0 | G4: 20/20 결정론적 자동복구(기존 검증 결과와 동일) | I4: 이번 세션 패치가 이 기존 분기를 건드리지 않았는지 확인
A5: INC-04 | B5: AI응답결함 | C5: deepseek-v4-flash reasoning 모델의 max_tokens 소진→빈 content 응답 결함 | D5: 신규-수동 | E5: src/gopang/ai/subject-gate.js, domain-classifier.js, report-utils.js(max_tokens 60→1000) | F5: P0 | G5: subject-gate 관련 시나리오에서 '[DEBUG-EMPTY]' 재발 없음 | I5: 2026-08-09 발견·수정 — 다른 max_tokens:60류 호출부가 더 있는지 전수 재검토 권장
A6: INC-05 | B6: 보안 | C6: GDC 관련 시크릿 git 노출 사고 | D6: 신규-수동 | E6: GDC_GIT_EXPOSURE_INCIDENT_2026_07_23.md | F6: P0 | G6: 동일 패턴 시크릿이 커밋 이력·현재 코드에 없음
A7: INC-06 | B7: 보안 | C7: device-link 전체 체인 장애 | D7: 신규-수동 | E7: DEVICE_LINK_FULL_CHAIN_INCIDENT_2026_07_28.md | F7: P0 | G7: 문서화된 장애 시나리오 재현 안 됨
A8: INC-07 | B8: 보안 | C8: 전화번호 사칭 취약점(3계층 방어) | D8: 신규-수동 | E8: 메모리 기록 — auth/ 전화 인증 관련부 | F8: P0 | G8: 재현 시도 실패
A9: INC-08 | B9: 관제탑원칙 | C9: handleAIChat(/ai/chat) 패스스루 — UNIVERSAL 레이어 미주입 | D9: 신규-수동 | E9: src/worker/ai-chat-handler.js | F9: P0 | G9: /ai/chat 응답에 UNIVERSAL 레이어 반영 유지
A10: INC-09 | B10: 관제탑원칙 | C10: webapp.html BYOK 경로 CONTROL-TOWER-PRINCIPLE 누락 | D10: 신규-수동 | E10: webapp.html BYOK부 | F10: P0 | G10: BYOK 경로도 관제탑 원칙 포함 유지
A11: INC-10 | B11: gov-tree | C11: _makeGenericCityDeptEntries 공유 테이블 EMD급 업무 오라우팅 | D11: 신규-수동 | E11: gov-router.js 관련부 | F11: P0 | G11: EMD 레벨 업무 오라우팅 재발 없음
A12: INC-11 | B12: 동시세션 | C12: sp-catalog.json 동시 세션 브랜치 덮어쓰기 | D12: 신규-수동 | E12: 표준 절차: git fetch 후 현재 HEAD에 in-place 수정 | F12: P1 | G12: 이 절차를 지켰는지 커밋 로그로 확인 | I12: 재발 방지는 절차 준수가 유일한 수단(코드로 못 막음)
A13: INC-12 | B13: 인프라안전 | C13: worker.js 대량삭제(stale-checkout 커밋, 436e508/890e434c/ff385f71) | D13: 기존자동화-실행 | E13: check-worker-mass-deletion.yml | F13: P0 | G13: CI green, worker.js 라인 수 급감 없음
A14: INC-13 | B14: 런타임오류 | C14: _parseShadowTags 미정의 함수 참조로 인한 ReferenceError(GWP/EXPERT/AUTH 이후 처리 전체 차단) | D14: 신규-수동 | E14: call-ai.js — 공용 디스패처로 이미 대체됨(주석 근거) | F14: P0 | G14: 해당 ReferenceError 재발 없음(콘솔 확인) | I14: 2026-07-01 발견 — AGENT-COMMON §0 보유 응답마다 100% 재현이었던 심각도
A15: INC-14 | B15: 경쟁조건 | C15: _currentAbort 경쟁조건(정지 버튼이 잘못된 스트림을 가리키는 UX 결함) | D15: 신규-수동 | E15: call-ai.js compare-and-clear 패턴(myAbort 지역변수), 실배포 스트리밍/정지 버튼 수동 확인 | F15: P1 | G15: 동시 callAI 실행 중 정지 버튼이 항상 올바른 스트림을 정지시킴 | I15: 설계 문서 자체가 '이 하네스는 실제 스트림 타이밍까지는 검증 못함'이라 명시 — 반드시 실배포 수동 확인 필요
